id,source,text,key_phrase,polarization,political,racial/ethnic,religious,gender/sexual,other,stereotype,vilification,dehumanization,extreme_language,lack_of_empathy,invalidation
mya_myothet_1,rap_song,Two Thousand Eight လောက်ကပုံစံ Rap တွေစဆိုကတည်းက,,0,0,0,0,0,1,0,0,0,0,0,0
mya_myothet_2,,ဦးထုပ်ကို နောက်ပြန်ပဲ ဆောင်းပြီးတော့ ဘောင်းဘီခွကို ဆွဲမ,,0,0,0,0,0,0,0,0,0,0,0,0
mya_myothet_3,,လမ်းပေါ်မှာ Rap တွေရွတ်ခဲ့တဲ့ ဂျာတိတ်က ကျောင်းပညာမတတ်ခဲ့,,0,0,0,0,0,0,0,0,0,0,0,0
mya_myothet_4,,ရပ်ကွက်ထဲ ခြေတောင်မဆင်းဖူးဘဲ Street Rap လို့ ခေါင်းစဉ်လာမတပ်နဲ့,,0,0,0,0,0,0,0,0,0,0,0,0
mya_myothet_5,,ဒါမျိုးတွေ မဖြစ်တော့ဘူး စော်မကြည့်တဲ့ သီချင်းဆို မဟစ်တော့ဘူး တော်ပြီ,,0,0,0,0,0,0,0,0,0,0,0,0
mya_myothet_6,,ပရိသတ်က အချစ်အပျော့နု Talky နဲ့ သီချင်းကို Hip-Hop ဟုခေါ်သည်,,0,0,0,0,0,0,0,0,0,0,0,0
mya_myothet_7,,အဲ့ဒီခေတ်က ကုန်နေပြီ သဘောပေါက် နောက်တစ်ပွင့်လောက် လျှောက်ဆပ်မနေနဲ့တော့,,0,0,0,0,0,0,0,0,0,0,0,0
mya_myothet_8,,Underground မှာ နောက်တက်တွေဖြည့်ပြီး ဒေါက်ဖြုတ်တော့ စောက်ရှက်တွေကွဲရော,,0,0,0,0,0,0,0,0,0,0,0,0
mya_myothet_9,,သီချင်းတိုင်းမှာ ဖျဲကားကာကြမ်းတော့ အားလုံးနဲ့ ကွဲပြားတာအရမ်း,,0,0,0,0,0,0,0,0,0,0,0,0
mya_myothet_10,,Show တိုင်းမှာ Ever ငါဂျလန်းတော့ မိန်းကလေးတွေ အသည်းယားတာမဆန်း,,0,0,0,0,0,0,0,0,0,0,0,0
mya_myothet_11,,ပဲများကာလန်းတဲ့ ဘဲတွေက ခေတ်ရှေ့ကို မရောက်ရင် ရပ်ပြီးတဲ့ခေတ်,,0,0,0,0,0,0,0,0,0,0,0,0
mya_myothet_12,,စော်တွေက Rap ကို အချိုးပြေပြေ မဆိုတတ်ရင် စောက်ထင်မကြီးတဲ့ခေတ်,,0,0,0,0,0,0,0,0,0,0,0,0
mya_myothet_13,,ရန်ကုန်အထာ စည်းချက်ထဲမှာ စောက်ထာကျကျ တောက်တီးတွေဖြစ်,,0,0,0,0,0,0,0,0,0,0,0,0
mya_myothet_14,,Heart ကိုထိတဲ့ Rap တွေ ရွတ်တိုင်း Shawty တွေချစ်,,0,0,0,0,0,0,0,0,0,0,0,0
mya_myothet_15,,အကောင်းဆုံးတွေ လုပ်ခဲ့တဲ့နောက် တောက်ပတဲ့ ခေတ်တစ်ခု ရောက်ရှိခဲ့,,0,0,0,0,0,0,0,0,0,0,0,0
mya_myothet_16,,နောက်ထွက်မယ့် Rapper များ ဘာတွေလုပ်ပြနိုင်မလဲ စောင့်ကြည့်မယ်,,0,0,0,0,0,0,0,0,0,0,0,0
mya_myothet_17,,ညညကျ လ မသာဘူး မိုးလင်းတိုင်းလဲ နေမထွက်ခဲ့,,0,0,0,0,0,0,0,0,0,0,0,0
mya_myothet_18,,ငါ့ဘဝက မလှပါဘူး ကလေးဘဝထဲက အဖေငတ်ခဲ့,,0,0,0,0,0,0,0,0,0,0,0,0
mya_myothet_19,,ကိုယ့်ဘဝကို မကျေနပ်တယ် (ဘယ်လိုလုပ်မလဲ),,0,0,0,0,0,0,0,0,0,0,0,0
mya_myothet_20,,အမေးပဲရှိတယ် အဖြေမထွက်ခဲ့,,0,0,0,0,0,0,0,0,0,0,0,0
mya_myothet_21,,မဆိုင်သူတွေ အနေမတတ်လို့ သားအရင်းကို အမွေဖြတ်တဲ့,,0,0,0,0,0,0,0,0,0,0,0,0
mya_myothet_22,,ငါ့အဖေကို လူတွေက ဘယ်လိုထင်မှာလဲ,,0,0,0,0,0,0,0,0,0,0,0,0
mya_myothet_23,,အနှိမ်ခံရ အပြောဆိုခံရ ဘဝတလျှောက်လုံး ခိုဝင်စရာမဲ့,,0,0,0,0,0,0,0,0,0,0,0,0
mya_myothet_24,,မိဘရဲ့ အနမ်းတပွေ့တော့ သားသမီးတိုင်း လိုချင်တာပဲ,,0,0,0,0,0,0,0,0,0,0,0,0
mya_myothet_25,,ငါ့ဘဝထဲ ခဏဝင်ကြည့် ရင်နာလွန်းလို့ ငိုချင်မှာပဲ,,0,0,0,0,0,0,0,0,0,0,0,0
mya_myothet_26,,ငါ့ဆီမှာ ဘာအပြစ်ရှိလို့ ငါ့အဖေ ငါ့ကို ငြိုငြင်တာလဲ,,0,0,0,0,0,0,0,0,0,0,0,0
mya_myothet_27,,တနေ့တော့ပြန်ဆုံရင် ဘယ်လိုကြင်နာမလဲ,,0,0,0,0,0,0,0,0,0,0,0,0
mya_myothet_28,,အဖေရင်ခွင် ပူလား နွေးလား အဖေ့အနမ်းတွေ ချိုလားမွှေးလား,,0,0,0,0,0,0,0,0,0,0,0,0
mya_myothet_29,,အနမ်းတွေက နွေးထွေးပါ့မလား ငါ့ကိုရော ထွေးပွေ့ပါ့မလား???,,0,0,0,0,0,0,0,0,0,0,0,0
mya_myothet_30,,မထွေးပွေ့ခဲ့,,0,0,0,0,0,0,0,0,0,0,0,0
mya_myothet_31,,ငါ့ရဲ့မျှော်လင့်ချက်က ဖြည်းဖြည်းနဲ့ ဆွေးမြေ့ခဲ့,,0,0,0,0,0,0,0,0,0,0,0,0
mya_myothet_32,,အဖေ့အမေက အဖေ့သားကို ဈေးကလေးတဲ့ ဈေး ခွေးတဲ့,,0,0,0,0,0,0,0,0,0,0,0,0
mya_myothet_33,,ဒါတွေကို အဖေသိရဲ့လား,,0,0,0,0,0,0,0,0,0,0,0,0
mya_myothet_34,,သားအရှေ့မှာခဏတဖြုတ်လောက် နေကြည့်ခဲ့လား,,0,0,0,0,0,0,0,0,0,0,0,0
mya_myothet_35,,သားတစ်ယောက်လုံး ရှင်ပြုချိန်တောင် အဖေရှိရဲ့လား,,0,0,0,0,0,0,0,0,0,0,0,0
mya_myothet_36,,လှည့်လို့တောင်မကြည့်တော့ဘူးလား ဖခင်စိတ်မရှိတော့ဘူးလား,,0,0,0,0,0,0,0,0,0,0,0,0
mya_myothet_37,,ကိုယ့်သွေးသားမှန်း မသိတော့ဘူးလား ငါ ခေါ်ရင်ကော အဖေက ထူးမလား,,0,0,0,0,0,0,0,0,0,0,0,0
mya_myothet_38,,ဝဋ်ကြွေးတွေ ဘယ်တော့ကုန်မလဲ မိသားစု ဘယ်တော့ဆုံမလဲ,,0,0,0,0,0,0,0,0,0,0,0,0
mya_myothet_39,,အဖြေမသိခဲ့ပါ နေကြည့်ခဲ့တာ အဖေမရှိတဲ့အခါ နေတတ်ပြီ,,0,0,0,0,0,0,0,0,0,0,0,0
mya_myothet_40,,လှည့်လို့တောင်မကြည့်တော့ဘူးလား ဖခင်စိတ်မရှိတော့ဘူးလား,,0,0,0,0,0,0,0,0,0,0,0,0
mya_myothet_41,,ကိုယ့်သွေးသားမှန်း မသိတော့ဘူးလား ငါ ခေါ်ရင်ကော အဖေက ထူးမလား,,0,0,0,0,0,0,0,0,0,0,0,0
mya_myothet_42,,ဝဋ်ကြွေးတွေ ဘယ်တော့ကုန်မလဲ မိသားစု ဘယ်တော့ဆုံမလဲ,,0,0,0,0,0,0,0,0,0,0,0,0
mya_myothet_43,,အဖြေမသိခဲ့ပါ နေကြည့်ခဲ့တာ အဖေမရှိတဲ့အခါ နေတတ်ပြီ,,0,0,0,0,0,0,0,0,0,0,0,0
mya_myothet_44,,အပြင်မှာဆိုတာ ခေါ်ခွင့်မရလို့ သီချင်းထဲကနေခေါ်နေမှာပဲ,,0,0,0,0,0,0,0,0,0,0,0,0
mya_myothet_45,,ပြန်ထူးရင် ပိုက်ဆံရတဲ့ သူတောင်းစားလို ပျော်နေမှာပဲ,,0,0,0,0,0,0,0,0,0,0,0,0
mya_myothet_46,,ငါ့သားလို့ အဖေထူးမယ့်အသံ နားစွင့်ပြီးမျှော်နေတာပဲ,,0,0,0,0,0,0,0,0,0,0,0,0
mya_myothet_47,,လာမလားလို့ အိမ်ပေါက်ဝက တံခါးဖွင့်ပီးမျှော်နေတာပဲ,,0,0,0,0,0,0,0,0,0,0,0,0
mya_myothet_48,,မိုးသာချုပ်သွားတယ် ငါ့အဖေမလာဘူး,,0,0,0,0,0,0,0,0,0,0,0,0
mya_myothet_49,,ငါ့ညပေါင်း ၁၅နှစ်လုံး လတွေ မသာဘူး,,0,0,0,0,0,0,0,0,0,0,0,0
mya_myothet_50,,ငါ့မှာတော့ အိမ်မက်တွေမက်လိုက်ရတာ,,0,0,0,0,0,0,0,0,0,0,0,0
mya_myothet_51,,(ဘယ်တော့မှ ပုံပြောပြီးချော့သိပ်မလဲ),,0,0,0,0,0,0,0,0,0,0,0,0
mya_myothet_52,,အဖေတစ်ယောက်ရဲ့စိတ်ဓာတ်နဲ့,,0,0,0,0,0,0,0,0,0,0,0,0
mya_myothet_53,,(ဘယ်နေ့မှာ ပုခုံးဖက်ပီးလမ်းထွက်လျှောက်မလဲ),,0,0,0,0,0,0,0,0,0,0,0,0
mya_myothet_54,,အိမ်မက်ကအိမ်မက်ပဲ လက်တွေ့မှာ သိပ်ခက်ခဲ,,0,0,0,0,0,0,0,0,0,0,0,0
mya_myothet_55,,ပိတ်ကြပ်ခဲ့စကားတွေက လည်ချောင်းဝမှာ လူသေကောင်လို အိပ်စက်ခဲ့,,0,0,0,0,0,0,0,0,0,0,0,0
mya_myothet_56,,ဘဝနာလို့ အံကိုတောင်နှုတ်ခမ်းပြတ်အောင် ကြိတ်တတ်ခဲ့,,0,0,0,0,0,0,0,0,0,0,0,0
mya_myothet_57,,(အားးးးးးး),,0,0,0,0,0,0,0,0,0,0,0,0
mya_myothet_58,,ဝဋ်ကြွေးနဲ့ကံကြမ္မာ မင်းတို့ငါ့ကိုဘယ်အထိဆက်ပီးနှိပ်စက်မလဲ,,0,0,0,0,0,0,0,0,0,0,0,0
mya_myothet_59,,ဝဋ်ကလည်းမကုန်တော့ဘူးလား,,0,0,0,0,0,0,0,0,0,0,0,0
mya_myothet_60,,ကမ္ဘာနဲ့နေ ငါ့နဲ့အဖေ ပြန်ဆုံ ဖို့ဆိုတာမရှိတော့ဘူးလား,,0,0,0,0,0,0,0,0,0,0,0,0
mya_myothet_61,,ခွေးတစ်ကောင်လို မျှော်နေရတာ တစက်ကလေးမှ လှည့်လို့တောင် မကြည့်တော့ဘူးလား,,0,0,0,0,0,0,0,0,0,0,0,0
mya_myothet_62,,မွေးထားပီးကိုယ့်ကလေးကို တာဝန်မယူပဲ ပစ်ပယ်ခဲ့တာ,,0,0,0,0,0,0,0,0,0,0,0,0
mya_myothet_63,,ဒါနဲ့များမိဘတိုင်းက ကိုယ့်သားသမီးကို ချစ်တယ်တဲ့လား,,0,0,0,0,0,0,0,0,0,0,0,0
mya_myothet_64,,အလိမ်အညာတွေပေါ့ ဒါမှမဟုတ် ငါ့ဘဝရဲ့ ကျိန်စာတွေပေါ့,,0,0,0,0,0,0,0,0,0,0,0,0
mya_myothet_65,,အားငယ်ပီးငိုချင်လာတယ် ကလေးချင်းတောင်နှိမ်ကာနေတော့,,0,0,0,0,0,0,0,0,0,0,0,0
mya_myothet_66,,ငါပြိုင်စရာ ရွှေလည်းမရှိဘူး ငါကိုင်စရာ ငွေလည်းမရှိဘူး,,0,0,0,0,0,0,0,0,0,0,0,0
mya_myothet_67,,သူဌေးသားတွေ ဝိုင်းအနိုင်ကျင့်လို့ ပြန်တိုင်စရာ အဖေလည်း မရှိဘူး,,0,0,0,0,0,0,0,0,0,0,0,0
mya_myothet_68,,ငါ့သူငယ်ချင်းအဖေတွေဆို သူတို့သားကို သိပ်ချစ်တာပဲ,,0,0,0,0,0,0,0,0,0,0,0,0
mya_myothet_69,,ဘယ်အရွယ်ရောက်မှ အဖေရင်ခွင်ကိုခေါင်းမှီပီးအိပ်ဖြစ်မှာလဲ,,0,0,0,0,0,0,0,0,0,0,0,0
mya_myothet_70,,အခုတော့ မင်းအဖေရောလို့ မေးလာရင် ဘယ်ပြေးရမလဲ,,0,0,0,0,0,0,0,0,0,0,0,0
mya_myothet_71,,ကိုယ့်သားသမီးမျက်နှာငယ်မှာ တစက်ကလေးမှလည်း ထည့်မတွေးကြနဲ့,,0,0,0,0,0,0,0,0,0,0,0,0
mya_myothet_72,,ငါ့လက်ညှိုးဘယ်သူ့ဘက်လှည့်ပေးရမလဲ,,0,0,0,0,0,0,0,0,0,0,0,0
mya_myothet_73,,ကျောင်းအပ်တိုင်းလိုက်မလာတဲ့ အဖေ့နာမည်ကို,,0,0,0,0,0,0,0,0,0,0,0,0
mya_myothet_74,,ငါဘယ်လိုအင်အားမျိုးနဲ့ ထည့်ရေးရမလဲ,,0,0,0,0,0,0,0,0,0,0,0,0
mya_myothet_75,,မင်းဆိုရင် ဘယ်လိုဖြေမလဲ,,0,0,0,0,0,0,0,0,0,0,0,0
mya_myothet_76,,သူများတကာ သားအဖတွေ ပျော်နေပြီဆို ရှက်ပြီးတော့ငိုနေခဲ့,,0,0,0,0,0,0,0,0,0,0,0,0
mya_myothet_77,,ငါ့ဘဝက ပျက်ပြီးတော့ ပြိုနေခဲ့,,0,0,0,0,0,0,0,0,0,0,0,0
mya_myothet_78,,ငါ့ပါးခက်ကိုလွှဲမပေးခဲ့တဲ့ ငါ့အဖေကို ဆက်ပြီးတော့ ရိုသေဆဲ,,0,0,0,0,0,0,0,0,0,0,0,0
mya_myothet_79,,ရပ်ကွက်ထဲကနေ့ ရပ်ကွက်ထဲကည,,0,0,0,0,0,0,0,0,0,0,0,0
mya_myothet_80,,ဒါငါလျှောက်နေကျ လေးထောင့်ကန်လမ်းမ,,0,0,0,0,0,0,0,0,0,0,0,0
mya_myothet_81,,ရပ်ကွက်ထဲကနေ့ ရပ်ကွက်ထဲကည,,0,0,0,0,0,0,0,0,0,0,0,0
mya_myothet_82,,ထူးထူးခြားခြားတော့ မခမ်းနားပါ,,0,0,0,0,0,0,0,0,0,0,0,0
mya_myothet_83,,သင်္ဃန်းကျွန်းအပိုင်းကို လှမ်းလာ,,0,0,0,0,0,0,0,0,0,0,0,0
mya_myothet_84,,ရပ်ကွက်ထဲကနေ့ ရပ်ကွက်ထဲကည,,0,0,0,0,0,0,0,0,0,0,0,0
mya_myothet_85,,ဒါငါလျှောက်နေကျ လေးထောင့်ကန်လမ်းမ,,0,0,0,0,0,0,0,0,0,0,0,0
mya_myothet_86,,ရပ်ကွက်ထဲကနေ့ ရပ်ကွက်ထဲကည,,0,0,0,0,0,0,0,0,0,0,0,0
mya_myothet_87,,ထူးထူးခြားခြားတော့ မခမ်းနားပါ,,0,0,0,0,0,0,0,0,0,0,0,0
mya_myothet_88,,သင်္ဃန်းကျွန်းအပိုင်းကို လှမ်းလာ. .,,0,0,0,0,0,0,0,0,0,0,0,0
mya_myothet_89,,ဒီမှာငါ Microphone ကိုင် အသံပြု,,0,0,0,0,0,0,0,0,0,0,0,0
mya_myothet_90,,ဖြစ်သမျှကိုခံယူလို့ မတန်မရာလည်းမကြံဘူး,,0,0,0,0,0,0,0,0,0,0,0,0
mya_myothet_91,,ရန်သူလိုနောက်ကွယ်နေ အတင်းစကားရမ်းထု,,0,0,0,0,0,0,0,0,0,0,0,0
mya_myothet_92,,သူဟာဂန်ဒူး မင်းအပိုင်းကိုမင်းပြန်ယူ,,0,0,0,0,0,0,0,0,0,0,0,0
mya_myothet_93,,ငါနေတာ သင်္ဃန်းကျွန်းအစ မြောက်ပိုင်း,,0,0,0,0,0,0,0,0,0,0,0,0
mya_myothet_94,,ငါလောက် လိုင်းမကြွယ်ပဲ ငါ့ကို,,0,0,0,0,0,0,0,0,0,0,0,0
mya_myothet_95,,လိုက်ပြိုင်ပြီး ဘာ့ကြောင့်ရိုင်း,,0,0,0,0,0,0,0,0,0,0,0,0
mya_myothet_96,,အမှားတွေနဲ့ ဘဝဒုက္ခများကြား,,0,0,0,0,0,0,0,0,0,0,0,0
mya_myothet_97,,ခဏငါ့စကားကို ကြားအောင်နားထောင်လိုက်,,0,0,0,0,0,0,0,0,0,0,0,0
mya_myothet_98,,ရပ်ကွက်စရိုက်နဲ့,,0,0,0,0,0,0,0,0,0,0,0,0
mya_myothet_99,,ခဏလိုက်ခဲ့ ဘဝတိုက်ပွဲကြား,,0,0,0,0,0,0,0,0,0,0,0,0
mya_myothet_100,,အမှားတွေကိုထားလိုက်မယ် ပြတိုက်ထဲမှာ,,0,0,0,0,0,0,0,0,0,0,0,0
mya_myothet_101,,လူတယောက်ကို အပြင်ပန်းကြည့်,,0,0,0,0,0,0,0,0,0,0,0,0
mya_myothet_102,,အမြင်အထင်နဲ့မှန်း ဆင်ကန်းကြီးအသွင်,,0,0,0,0,0,0,0,0,0,0,0,0
mya_myothet_103,,ရမ်းပြီး ဆုံးဖြတ်တဲ့အကျင့်,,0,0,0,0,0,0,0,0,0,0,0,0
mya_myothet_104,,သင်္ဃန်းကျွန်း အဝင်လမ်းဆီ ဝင်တာနဲ့,,0,0,0,0,0,0,0,0,0,0,0,0
mya_myothet_105,,ပြင်စမ်း ဒီအကျင့်တွေ အကုန်ထား,,0,0,0,0,0,0,0,0,0,0,0,0
mya_myothet_106,,ဒီအပိုင်းကို ကြုံမှဝင်ကြည့်ပါ,,0,0,0,0,0,0,0,0,0,0,0,0
mya_myothet_107,,ပြီးမှယုံပါ ဟုတ်လား,,0,0,0,0,0,0,0,0,0,0,0,0
mya_myothet_108,,ငွေကြေးနဲ့ သတ်မှတ်မယ် ဆိုရင်တော့,,0,0,0,0,0,0,0,0,0,0,0,0
mya_myothet_109,,ဖြစ်ကောင်းဖြစ်လိမ့်မယ် သုည,,0,0,0,0,0,0,0,0,0,0,0,0
mya_myothet_110,,လူနေမယ်ခြုံကြား စိတ်နေကဘုံဖျား,,0,0,0,0,0,0,0,0,0,0,0,0
mya_myothet_111,,မမှုံဝါးပဲနဲ့ကြည့် အရေးကြုံပြီဆိုုရင်တော့,,0,0,0,0,0,0,0,0,0,0,0,0
mya_myothet_112,,ကူညီဖို့ လူတွေက အကုန်ဟ,,0,0,0,0,0,0,0,0,0,0,0,0
mya_myothet_113,,စုပြုံကာ ဒီသီချင်းက အတုမဟုတ်ပါ,,0,0,0,0,0,0,0,0,0,0,0,0
mya_myothet_114,,အခြေခံလူတန်းစား လူ့ဘဝ,,0,0,0,0,0,0,0,0,0,0,0,0
mya_myothet_115,,ငါ့ရပ်ကွက်ထဲက. .,,0,0,0,0,0,0,0,0,0,0,0,0
mya_myothet_116,,ရပ်ကွက်ထဲကနေ့ ရပ်ကွက်ထဲကည,,0,0,0,0,0,0,0,0,0,0,0,0
mya_myothet_117,,ငါနေ့တိုင်းလျှောက်နေကျ ဒီ အင်းစိန်လမ်းမ,,0,0,0,0,0,0,0,0,0,0,0,0
mya_myothet_118,,ရပ်ကွက်ထဲကနေ့ ရပ်ကွက်ထဲကည,,0,0,0,0,0,0,0,0,0,0,0,0
mya_myothet_119,,ထူးထူးခြားခြားတော့ မခမ်းနားပါ,,0,0,0,0,0,0,0,0,0,0,0,0
mya_myothet_120,,လှိုင်မြို့အပိုင်းကို လှမ်းလာ,,0,0,0,0,0,0,0,0,0,0,0,0
mya_myothet_121,,ရပ်ကွက်ထဲကနေ့ ရပ်ကွက်ထဲကည,,0,0,0,0,0,0,0,0,0,0,0,0
mya_myothet_122,,ငါနေ့တိုင်းလျှောက်နေကျ ဒီ အင်းစိန်လမ်းမ,,0,0,0,0,0,0,0,0,0,0,0,0
mya_myothet_123,,ရပ်ကွက်ထဲကနေ့ ရပ်ကွက်ထဲကည,,0,0,0,0,0,0,0,0,0,0,0,0
mya_myothet_124,,ထူးထူးခြားခြားတော့ မခမ်းနားပါ,,0,0,0,0,0,0,0,0,0,0,0,0
mya_myothet_125,,လှိုင်မြို့အပိုင်းကို လှမ်းလာ. .,,0,0,0,0,0,0,0,0,0,0,0,0
mya_myothet_126,,မနက်နိုးတော့လေ,,0,0,0,0,0,0,0,0,0,0,0,0
mya_myothet_127,,လမ်းမထွက် အချိုးတော့မပြေ,,0,0,0,0,0,0,0,0,0,0,0,0
mya_myothet_128,,မင်းရပ်ကွက် ငါ့ရပ်ကွက်မတူ,,0,0,0,0,0,0,0,0,0,0,0,0
mya_myothet_129,,စရိုက်တွေက တယောက်ကိုတမျိုးပေါ့လေ,,0,0,0,0,0,0,0,0,0,0,0,0
mya_myothet_130,,Rap ဆိုတဲ့ Style တွေလည်းပြောင်း,,0,0,0,0,0,0,0,0,0,0,0,0
mya_myothet_131,,အရင်လို မရိုးတော့ပေ,,0,0,0,0,0,0,0,0,0,0,0,0
mya_myothet_132,,နားထောင် ဒါရပ်ကွက်အထာ,,0,0,0,0,0,0,0,0,0,0,0,0
mya_myothet_133,,မကြိုက်ရင်ဒိုးတော့လေ လှည့်မကြည့်နဲ့ပေါ့,,0,0,0,0,0,0,0,0,0,0,0,0
mya_myothet_134,,Hip Hop ကို သံယောဇဉ်ဖြတ်,,0,0,0,0,0,0,0,0,0,0,0,0
mya_myothet_135,,ရပ်ကွက်အကြောင်း အထပ်ထပ်ပြောင်း,,0,0,0,0,0,0,0,0,0,0,0,0
mya_myothet_136,,မပြောချင်ပြန်ပြောရင်ခက်,,0,0,0,0,0,0,0,0,0,0,0,0
mya_myothet_137,,လူတွေက စိတ်ဝင်စားတာ,,0,0,0,0,0,0,0,0,0,0,0,0
mya_myothet_138,,ကောင်မလေးနဲ့ကောင်လေး ချစ်တဲ့အကြောင်း,,0,0,0,0,0,0,0,0,0,0,0,0
mya_myothet_139,,လုပ်ပါဆို ဘာတတ်နိုင်မလဲ လုပ်ပေါ့,,0,0,0,0,0,0,0,0,0,0,0,0
mya_myothet_140,,ဒါက ခေတ်အလှည့်အပြောင်း,,0,0,0,0,0,0,0,0,0,0,0,0
mya_myothet_141,,ကောင်းပြီ နားထောင်လိုက်,,0,0,0,0,0,0,0,0,0,0,0,0
mya_myothet_142,,ရပ်ကွက်ထဲက ကောင်လေးတယောက်ပေါ့,,0,0,0,0,0,0,0,0,0,0,0,0
mya_myothet_143,,စာအုပ်ဆိုင်ဖွင့်တဲ့ ကောင်မလေးတယောက်,,0,0,0,0,0,0,0,0,0,0,0,0
mya_myothet_144,,အရှေ့ကိုရောက်တော့ စကားလေးပြော,,0,0,0,0,0,0,0,0,0,0,0,0
mya_myothet_145,,စာအုပ်ငှားဖို့ စတင်မိတ်ဆက်,,0,0,0,0,0,0,0,0,0,0,0,0
mya_myothet_146,,ဒီမြို့နယ်မှာ လူတယောက်ကိုယုံဖို့,,0,0,0,0,0,0,0,0,0,0,0,0
mya_myothet_147,,အက်လောက် သိပ်မခက်,,0,0,0,0,0,0,0,0,0,0,0,0
mya_myothet_148,,ငှားလို့ပြီးရင်တော့,,0,0,0,0,0,0,0,0,0,0,0,0
mya_myothet_149,,မျက်နှာလေးကို ပြုံးမယ်,,0,0,0,0,0,0,0,0,0,0,0,0
mya_myothet_150,,ငှားထားတဲ့ စာအုပ်ကတော့ အားလုံးပေါင်း ၃၀,,0,0,0,0,0,0,0,0,0,0,0,0
mya_myothet_151,,အက်နေ့ကစပြီးတော့ ကောင်လေးကပျောက်ကွယ်,,0,0,0,0,0,0,0,0,0,0,0,0
mya_myothet_152,,၉ ရပ်ကွက်က စာအုပ်ဆိုင်ရှေ့,,0,0,0,0,0,0,0,0,0,0,0,0
mya_myothet_153,,ကောင်မလေး တယောက်ရဲ့. .,,0,0,0,0,0,0,0,0,0,0,0,0
mya_myothet_154,,ရပ်ကွက်ထဲကနေ့ ရပ်ကွက်ထဲကည ငါတို့ကောင်တွေလျှောက်နေကျ ဗားကရာလမ်းမ,,0,0,0,0,0,0,0,0,0,0,0,0
mya_myothet_155,,ရပ်ကွက်ထဲကနေ့ ရပ်ကွက်ထဲကည ဆန်းပြားလို့ မခမ်းနား,,0,0,0,0,0,0,0,0,0,0,0,0
mya_myothet_156,,စမ်းချောင်းတောင်ပိုင်းကို လှမ်းလာ,,0,0,0,0,0,0,0,0,0,0,0,0
mya_myothet_157,,ဟားး မွေးကတည်းက မကြိုက်တာရှောင် ကြိုက်ရာပျော်,,0,0,0,0,0,0,0,0,0,0,0,0
mya_myothet_158,,အခုထိပြေးခဲ့တာ ရပ်ကွက်ထဲမှာ စီးပွားလုပ်ချင်တယ်ဆို အကြွေးနဲ့မှ,,0,0,0,0,0,0,0,0,0,0,0,0
mya_myothet_159,,မေးခွန်းတွေ မေးတာများရင် မှားမယ် အေးဆေးနေလှည့်ပါ ရပ်ကွက်ထဲမှာ,,0,0,0,0,0,0,0,0,0,0,0,0
mya_myothet_160,,မျက်စိစူးစရာဖြစ်ရင် အုတ်ခဲစာမိမယ်,,0,0,0,0,0,0,0,0,0,0,0,0
mya_myothet_161,,မင်းကို်ယ်မင်းမိုက်တယ်ထင် မိုက်တဲ့ကောင်တွေ အချုပ်ထဲမှာရှိတယ်,,0,0,0,0,0,0,0,0,0,0,0,0
mya_myothet_162,,စမ်းချောင်းတောင်ပိုင်းကို မင်းလာရင် ပါးစပ်ပိတ်လို့ မပြောနဲ့ကွာ မင်းနဲ့,,0,0,0,0,0,0,0,0,0,0,0,0
mya_myothet_163,,မိန်းမတွေနဲ့ပေါင်း ပါးစပ်ညောင်းအောင် ငါ့အတင်းတွေတုပ်လည်း ကြိုင်ကြီးမယ်,,0,0,0,0,0,0,0,0,0,0,0,0
mya_myothet_164,,မှားမယ်မလုပ်နဲ့ မင်းစကားလာမရှုပ်နဲ့,,0,0,0,0,0,0,0,0,0,0,0,0
mya_myothet_165,,တောင်ပိုင်းကို ပစ်မှားလည်း တဆုံးပဲ ငါကိုယ်တိုင် ဓားနဲ့ခုတ်မယ်,,0,0,0,0,0,0,0,0,0,0,0,0
mya_myothet_166,,ဘယ်လိုလာပြိုင်ပြိုင် လာပြိုင်တာများလည်း ရှုံးမြဲ,,0,0,0,0,0,0,0,0,0,0,0,0
mya_myothet_167,,တမြို့လုံးက Rapper တွေ ခစားလှည့်ဦးကွယ်,,0,0,0,0,0,0,0,0,0,0,0,0
mya_myothet_168,,ကာရံ Bomb ကြဲတာ ဝုန်းခနဲ ကြည့်မြင်တိုင်နဲ့ Connection က မိတယ်,,0,0,0,0,0,0,0,0,0,0,0,0
mya_myothet_169,,ဂျလန်းဖို့ အကုန်လုံးက လက်မနှေးပဲ Respect ပေးတဲ့ စာသားတွေဆန်းလို့,,0,0,0,0,0,0,0,0,0,0,0,0
mya_myothet_170,,Counter သမားတွေပေါတယ် အရူးတယောက်နဲ့ ပစ်ပြီ Base စောင့်ရင် လစ်ပြီ,,0,0,0,0,0,0,0,0,0,0,0,0
mya_myothet_171,,Southside SCG မင်းမရောက်ရင် ခေတ်မမှီ,,0,0,0,0,0,0,0,0,0,0,0,0
mya_myothet_172,,ရပ်ကွက်ထဲကနေ့ ရပ်ကွက်ထဲကည ဒါငါလျှောက်နေကျ လေးထောင့်ကန်လမ်းမ,,0,0,0,0,0,0,0,0,0,0,0,0
mya_myothet_173,,ရပ်ကွက်ထဲကနေ့ ရပ်ကွက်ထဲကည ထူးထူးခြားခြားတော့ မခမ်းနားပါ,,0,0,0,0,0,0,0,0,0,0,0,0
mya_myothet_174,,သင်္ဃန်းကျွန်းအပိုင်းကို လှမ်းလာ,,0,0,0,0,0,0,0,0,0,0,0,0
mya_myothet_175,,ရပ်ကွက်ထဲကနေ့ ရပ်ကွက်ထဲကည ငါနေ့တိုင်းလျှောက်နေကျ ဒီ အင်းစိန်လမ်းမ,,0,0,0,0,0,0,0,0,0,0,0,0
mya_myothet_176,,ရပ်ကွက်ထဲကနေ့ ရပ်ကွက်ထဲကည ထူးထူးခြားခြားတော့ မခမ်းနားပါ,,0,0,0,0,0,0,0,0,0,0,0,0
mya_myothet_177,,လှိုင်မြို့အပိုင်းကို လှမ်းလာ,,0,0,0,0,0,0,0,0,0,0,0,0
mya_myothet_178,,ရပ်ကွက်ထဲကနေ့ ရပ်ကွက်ထဲကည ငါတို့ကောင်တွေလျှောက်နေကျ ဗားကရာလမ်းမ,,0,0,0,0,0,0,0,0,0,0,0,0
mya_myothet_179,,ရပ်ကွက်ထဲကနေ့ ရပ်ကွက်ထဲကည ဆန်းပြားလို့ မခမ်းနား,,0,0,0,0,0,0,0,0,0,0,0,0
mya_myothet_180,,စမ်းချောင်းတောင်ပိုင်းကို လှမ်းလာ,,0,0,0,0,0,0,0,0,0,0,0,0
mya_myothet_181,,ငါမကမ်းဘူး တောတိုးကာ လမ်းထွင် တယောကြိုးရှာ အမျောFlow ငါစမ်းတင်,,0,0,0,0,0,0,0,0,0,0,0,0
mya_myothet_182,,ရောလို့ လာပေါတဲ့ ငပေါမျိုးငါ အရမ်းမခင် Dammit!,,0,0,0,0,0,0,0,0,0,0,0,0
mya_myothet_183,,အကျွမ်းတဝင် ပြောလို့သာ ကျောပိုးကာ ထမ်းတင် Coming,,0,0,0,0,0,0,0,0,0,0,0,0
mya_myothet_184,,ဟောဟိုးမှာ လှမ်းမြင်တယ် တောအမျိုးသားကျွမ်းကျင်တဲ့ အမောဆို့စရာ ဘောခိုးမ လမ်းစဉ်,,0,0,0,0,0,0,0,0,0,0,0,0
mya_myothet_185,,တစ်လှမ်းချင်း လှမ်းရင်း အခန့်မသင့် Junk ဖြစ်,,0,0,0,0,0,0,0,0,0,0,0,0
mya_myothet_186,,ဘေးဖယ် ကလေးငယ် အမောမခံသေးပဲ ဖော့ကန်စျေးထဲ,,0,0,0,0,0,0,0,0,0,0,0,0
mya_myothet_187,,အကြောသန်ဆေးပဲ​ မေးဝယ် အကြွေးနဲ့ ဗြောသံလေးနဲ့,,0,0,0,0,0,0,0,0,0,0,0,0
mya_myothet_188,,ဒေါကန်သေးတယ် မနောFanလေးရဲ့ တောဆန်သေးတဲ့ Skillနဲ့,,0,0,0,0,0,0,0,0,0,0,0,0
mya_myothet_189,,ရေးတယ် မဝေးနဲ့ တကျော့ပြန်ရွေးချယ် အတွေးနဲ့ ​Failတယ်,,0,0,0,0,0,0,0,0,0,0,0,0
mya_myothet_190,,ဆံပင်က ဖွာလန်ကြဲ အသွင်က တာဇံပဲ ဆင်များခန္ဓာနဲ့ အရင်က မြန်မာသံပဲ,,0,0,0,0,0,0,0,0,0,0,0,0
mya_myothet_191,,သဘင်အက အညာဟန်နဲ့ ဘဝင်မကျတာအမှန်ပဲ,,0,0,0,0,0,0,0,0,0,0,0,0
mya_myothet_192,,မြင်သမျှကာရန်ထည့် ဝင့်ကြွားလာပြန်တယ် တင်ရတာမတန်ပဲ တဒဂ်သာကျန်မယ့်,,0,0,0,0,0,0,0,0,0,0,0,0
mya_myothet_193,,Linkများစွာပြန် Share ဂွင်များလာဖန်တဲ့,,0,0,0,0,0,0,0,0,0,0,0,0
mya_myothet_194,,မင့်အားငါ စလံပဲ သခင်များအာမခံနဲ့ ပြစ်မှားတာမခံပဲ ဖင်ချမှာစရံနဲ့,,0,0,0,0,0,0,0,0,0,0,0,0
mya_myothet_195,,ဒဂုံမြေအလွှာက ကုန်ပဒေသာနား လုံမေပါလား ခြုံရည်ခွါချ,,0,0,0,0,0,0,0,0,0,0,0,0
mya_myothet_196,,ကြုံလေရာဘဝမှာ ခုံနေရာမရ ဂုဏ်တွေဆာပြလည်း အကုန်သေပြာကျ,,0,0,0,0,0,0,0,0,0,0,0,0
mya_myothet_197,,Barတွေမှာခုန် ဇယားတွေလာရှုပ် ပျားတွေပါတုတ်မှ ခါးတွေနာကုန်,,0,0,0,0,0,0,0,0,0,0,0,0
mya_myothet_198,,ဝါးနေတာစမြှပ် နွားတွေပမာလုပ် ဂွတွေပါထုတ်ပြီး သွားတွေပါဖြုတ်,,0,0,0,0,0,0,0,0,0,0,0,0
mya_myothet_199,,ဖားတွေလာခုန် ဘုံတွေပါထ အားတွေပါကုန် အုံတွေပါကား,,0,0,0,0,0,0,0,0,0,0,0,0
mya_myothet_200,,အသားတွေပါတုန် ထုံနေတာလား နဂါးတွေရှာဂဠုန် ငုံနေတာဆား,,0,0,0,0,0,0,0,0,0,0,0,0
mya_myothet_201,,မှားနေတာအကုန် ပုံသေရှာကြ ကြားလေ လာသမုတ် ယုံနေမှာလား,,0,0,0,0,0,0,0,0,0,0,0,0
mya_myothet_202,,ဓါးတွေပါထုတ် ဝါးရုံတွေမှာရှာ ဓါးမြတွေပါကြုံး သူပုန်တွေ အထာပြ,,0,0,0,0,0,0,0,0,0,0,0,0
